Occurrence,Lattitude,Longitude,Location,IncidentSu,Vessel,Web,Notes
02/01/2010,53.311291,-2.844945,"Location: C22 light float on the River Mersey, England.",Contact made by ro-ro cargo ferry Celtic Star with light float,Merchant vessel 100 gross tons or over,https://www.gov.uk/maib-reports/contact-made-by-ro-ro-cargo-ferry-celtic-star-with-a-light-float-on-the-river-mersey-england,Not sure about the exact location as description very vague
19/01/2010,53.631755,-0.168899,"Location: Immingham Oil Terminal, England.",Parting of mooring ropes from unmanned general cargo vessel Fast Ann and subsequent contact with jetty,Merchant vessel 100 gross tons or over,https://www.gov.uk/maib-reports/parting-of-mooring-ropes-from-unmanned-general-cargo-vessel-fast-ann-and-subsequent-contact-with-jetty-in-immingham-oil-terminal-england, 
27/01/2010,55.460794,-5.055431,"Location: 3.5' north-east of Pladda lighthouse, Firth of Clyde, Scotland.",Collision between general cargo vessel Leeswig and trawler Spes Bona V,Merchant vessel 100 gross tons or over and 1 others,https://www.gov.uk/maib-reports/collision-between-general-cargo-vessel-leeswig-trawler-spes-bona-v-in-the-firth-of-clyde-scotland, 
29/01/2010,51.466773,0.290762,"Location: West Thurrock, River Thames, England.",Failure of stores crane on trailing suction hopper dredger Sand Falcon,Merchant vessel 100 gross tons or over,https://www.gov.uk/maib-reports/failure-of-stores-crane-on-trailing-suction-hopper-dredger-sand-falcon-at-west-thurrock-river-thames-england, 
02/02/2010,50.066667,-5,"Location: Falmouth Bay, England.",Fire in machinery space on ro-ro passenger ferry Oscar Wilde,Merchant vessel 100 gross tons or over,https://www.gov.uk/maib-reports/fire-in-machinery-space-on-ro-ro-passenger-ferry-oscar-wilde-in-falmouth-bay-england, 
06/02/2010,55.786761,-5.526068,"Location: Kennacraig, West Loch Tarbert, Kintyre, Scotland.",Mechanical failure on ro-ro passenger ferry Isle of Arran resulting in contact with linkspan,Merchant vessel 100 gross tons or over,https://www.gov.uk/maib-reports/mechanical-failure-on-ro-ro-passenger-ferry-isle-of-arran-resulting-in-contact-with-linkspan-at-west-loch-tarbert-kintyre-scotland, 
20/02/2010,51.612,-5.054667,"Location: Crow Rock off Linney Head, Wales",Grounding and subsequent sinking of crabber Kerloch,Fishing vessel,https://www.gov.uk/maib-reports/grounding-and-subsequent-sinking-of-crabber-kerloch-off-linney-head-wales, 
24/02/2010,56.623339,-6.003344,"Location: Western shores of Morvern, Scotland.",Grounding of live fish carrier Ronja Skye,Merchant vessel 100 gross tons or over and 1 others,https://www.gov.uk/maib-reports/grounding-of-live-fish-carrier-ronja-skye-on-morvern-west-coast-of-scotland, 
07/03/2010,50.899851,-1.414865,"Location: Berthed at the Port of Southampton, England.",Lifting equipment failure on self-propelled floating sheerleg crane Cormorant,Merchant vessel 100 gross tons or over,https://www.gov.uk/maib-reports/persons-overboard-from-passenger-cruise-ship-saga-sapphire-during-a-lifeboat-drill-alongside-at-the-port-of-southampton-england-with-2-people-injured, 
23/03/2010,53.936749,-3.015382,"Location: Fleetwood Channel, England.",Grounding of ro-ro cargo ferry Stena Pioneer,Merchant vessel 100 gross tons or over,https://www.gov.uk/maib-reports/grounding-of-ro-ro-cargo-ferry-stena-pioneer-in-the-fleetwood-channel-england, 
26/03/2010,54.033495,-2.914292,"Location: Loading at Heysham Port, England.",Unintended movement of ro-ro passenger ferry Ben-My-Chree resulting in collapse of access structure trapping 8 people,Merchant vessel 100 gross tons or over,https://www.gov.uk/maib-reports/unintended-movement-during-loading-operations-of-ro-ro-passenger-ferry-ben-my-chree-at-heysham-port-england-resulting-in-collapse-of-passenger-access-structure-and-entrapment-of-8-passengers, 
28/03/2010,50.792918,-1.1072,"Location: Attempting to berth at Camber Basin, Portsmouth, England.",Contact made by ro-ro passenger ferry St Faith with linkspan fendering,Merchant vessel 100 gross tons or over,https://www.gov.uk/maib-reports/contact-made-by-ro-ro-passenger-ferry-st-faith-with-linkspan-fendering-during-berthing-operation-in-portsmouth-england, 
31/03/2010,50.811691,-1.096239,"Locations: Fendering while moving berth at Portsmouth, England.",Contact made by high speed passenger craft Norman Arrow with fendering and with mooring dolphin,Merchant vessel 100 gross tons or over,https://www.gov.uk/maib-reports/contact-made-by-high-speed-passenger-craft-norman-arrow-with-fendering-while-moving-berth-at-portsmouth-england-and-contact-with-mooring-dolphin-while-approach-berth-at-le-havre-france, 
10/04/2010,51.449907,0.340411,"Location: Northfleet, River Thames, England.",Crush incident while bulk carrier Fitnes was self-discharging cargo with loss of 1 life,Merchant vessel 100 gross tons or over,https://www.gov.uk/maib-reports/accident-to-person-while-bulk-carrier-fitnes-was-self-discharging-cargo-at-northfleet-river-thames-england-with-loss-of-1-life,Not sure about the exact location as description very vague
02/05/2010,50.775,-1.161667,"Location: Stokes Bay, near Gosport, England.",Fall from yard on fore mast on sail training ship TS Royalist with loss of 1 life,Merchant vessel under 100 gross tons and 1 others,https://www.gov.uk/maib-reports/fall-yard-on-the-fore-mast-on-sail-training-ship-ts-royalist-in-stokes-bay-near-gosport-england-with-loss-of-1-life, 
06/05/2010,51.401706,-3.155042,"Location: Bristol Channel, near Penath, Wales.",Heavy landing on a rigid inflatable boat with 1 person injured,Merchant vessel under 100 gross tons and 1 others,https://www.gov.uk/maib-reports/heavy-landing-during-boat-trip-on-the-rigid-inflatable-boat-celtic-pioneer-in-the-bristol-channel-near-penath-wales-with-1-person-injured, 
29/05/2010,57.144386,-2.079184,"Location: Aberdeen Harbour, Scotland.",Contact made by platform supply vessel Skandi Foula with supply vessel OMS Resolution,Merchant vessel 100 gross tons or over,https://www.gov.uk/maib-reports/contact-made-by-platform-supply-vessel-sbs-typhoon-with-standby-safety-vessel-vos-scout-and-platform-supply-vessel-ocean-search-in-aberdeen-harbour-scotland, 
05/06/2010,50.324567,-4.528553,"Location: 0.75 miles west of Polperro, Cornwall, England.",Grounding of trawler Girl Jane,Fishing vessel,https://www.gov.uk/maib-reports/grounding-of-trawler-girl-jane-off-polperro-cornwall-england, 
16/06/2010,50.3145,-1.496038,"Location: English Channel on passage to Portsmouth, England.",Fire in unaccompanied refrigerated trailer unit on main vehicle deck of ro-ro passenger ferry Commodore Clipper,Merchant vessel 100 gross tons or over,https://www.gov.uk/maib-reports/fire-started-by-unaccompanied-refrigerated-trailer-unit-on-main-vehicle-deck-of-ro-ro-passenger-ferry-commodore-clipper-in-the-english-channel-on-route-to-portsmouth-england, 
02/07/2010,56.568333,-5.531667,"Location: Glensanda Quarry, Loch Linnhe, Scotland.",Fire and explosion on bulk carrier Yeoman Bontrup,Merchant vessel 100 gross tons or over,https://www.gov.uk/maib-reports/fire-and-explosion-on-bulk-carrier-yeoman-bontrup-at-glensanda-quarry-loch-linnhe-scotland, 
04/07/2010,54.75278,-3.692713,"Location: Robin Rigg Offshore Wind Farm in the Solway Firth, Scotland.",Fire in engine room of wind farm workboat Windcat 3,Merchant vessel under 100 gross tons,https://www.gov.uk/maib-reports/fire-in-engine-room-of-wind-farm-workboat-windcat-3-in-the-solway-firth-scotland, 
19/07/2010,53.432831,-3.00256,"Location: Huskisson Dock No 3, Liverpool, England.",Catastrophic failure of the hull of dumb barge Henty Supplier,Merchant vessel 100 gross tons or over,https://www.gov.uk/maib-reports/catastrophic-failure-of-the-hull-of-dumb-barge-henty-supplier-at-huskisson-dock-in-liverpool-england, 
05/08/2010,55.984333,-2.107667,"Location: 4.2 miles off St Abb's Head, Scotland.",Collision between ro-ro passenger vessel Scottish Viking and prawn trawler Homeland with loss of 1 life,Merchant vessel 100 gross tons or over and 1 others,https://www.gov.uk/maib-reports/collision-between-ro-ro-passenger-vessel-scottish-viking-and-prawn-trawler-homeland-off-st-abb-s-head-scotland-with-loss-of-1-life, 
06/08/2010,55.234103,-6.281064,"Location: Carrickmannanon Rock, Ballycastle, Northern Ireland.",Grounding and sinking of sail training vessel Lord Rank,Merchant vessel 100 gross tons or over,https://www.gov.uk/maib-reports/grounding-of-sail-training-vessel-lord-rank-on-carrickmannanon-rock-ballycastle-northern-ireland-resulting-in-the-vessel-sinking, 
13/08/2010,51.565013,-3.833515,"Location: Off Port Talbot, England.",Contact made by bulk carrier Royal Oasis with anchored bulk carrier Berge Atlantic,Merchant vessel 100 gross tons or over,https://www.gov.uk/maib-reports/contact-made-by-bulk-carrier-royal-oasis-with-anchored-bulk-carrier-berge-atlantic-off-port-talbot-england, 
29/08/2010,53.629819,-0.188945,"Location: Immingham Docks, England.",Failure of controllable pitch propeller on cargo vessel CFL Patron resulting in contact with lock gates and tug Guardsman,Merchant vessel 100 gross tons or over,https://www.gov.uk/maib-reports/failure-of-controllable-pitch-propeller-system-on-general-cargo-vessel-cfl-patron-at-immingham-docks-england-resulting-in-contact-with-lock-gates-and-tug-guardsman, 
10/09/2010,60.488602,-1.038811,"Location: 0.1 nm south east of Burra Voe, Yell, Shetland Islands, Scotland.",Person overboard from potter Flying Cloud with loss of 1 life,Fishing vessel,https://www.gov.uk/maib-reports/person-overboard-from-potter-flying-cloud-off-burra-voe-shetland-islands-scotland-with-loss-of-1-life, 
11/09/2010,51.43974,-0.461093,"Location: Bedfont, Middlesex, England.",Fall from banana boat being towed by ski boat with loss of 1 life,Merchant vessel 100 gross tons or over and 1 others,https://www.gov.uk/maib-reports/fall-from-a-banana-boat-which-was-being-towed-by-ski-boat-at-a-water-sport-park-in-bedfont-england-with-loss-of-1-life, 
09/10/2010,57.693799,-1.918263,"Locations: Discovery, 3 miles east of Fraserburgh, Scotland/Breadwinner, 5.5 miles east of Score Head, Bressay, Scotland.",Persons overboard from creelers Discovery and Breadwinner during single handed operations with loss of 2 lives,Fishing vessel,https://www.gov.uk/maib-reports/persons-overboard-from-single-handed-creels-fishing-vessels-discovery-off-fraserburgh-and-breadwinner-off-bressay-scotland-with-loss-of-2-lives,"Fraserburgh coordinates, Discovery"
09/10/2010,60.191157,-0.907751,"Locations: Discovery, 3 miles east of Fraserburgh, Scotland/Breadwinner, 5.5 miles east of Score Head, Bressay, Scotland.",Persons overboard from creelers Discovery and Breadwinner during single handed operations with loss of 2 lives,Fishing vessel,https://www.gov.uk/maib-reports/persons-overboard-from-single-handed-creels-fishing-vessels-discovery-off-fraserburgh-and-breadwinner-off-bressay-scotland-with-loss-of-2-lives,"Score head coordinates,  Breadwinner"
27/10/2010,51.449907,-3.172358,"Location: Cardiff Bay, Wales.",Collision between 2 rigid inflatable boats carrying a number of children resulting in 3 people injured,Recreational craft - power,https://www.gov.uk/maib-reports/collision-between-2-rigid-inflatable-boats-while-transporting-a-number-of-children-across-cardiff-bay-wales-with-3-people-injured, 
05/12/2010,56.020776,-4.79259,"Location: 0.5nm north of Rhu Narrows, Gareloch, Argyll & Bute, Scotland.",Fire in engine room on tug SD Dexterous,Merchant vessel 100 gross tons or over,https://www.gov.uk/maib-reports/fire-in-engine-room-on-tug-sd-dexterous-off-gareloch-scotland, 
11/12/2010,53.444943,-3.011104,"Location: Langton-Alexandra swing bridge in the Port of Liverpool, England.",Contact made by bulk carrier Antonis with swing bridge,Merchant vessel 100 gross tons or over,https://www.gov.uk/maib-reports/contact-made-by-bulk-carrier-antonis-with-langton-alexandra-swing-bridge-in-the-port-of-liverpool-england, 
13/12/2010,55.946829,-4.664794,"Location: Berthed at Port Glasgow, Scotland.",Person overboard from general cargo vessel Joanna with loss of 1 life,Merchant vessel 100 gross tons or over,https://www.gov.uk/maib-reports/person-overboard-from-general-cargo-vessel-joanna-while-alongside-in-glasgow-scotland-with-loss-of-1-life, 
03/01/2011,54.261036,-5.60233,"Location: Entrance to Ardglass Harbour, County Down, Northern Ireland.",Grounding of stern prawn trawler Karen,Fishing vessel,https://www.gov.uk/maib-reports/grounding-of-stern-prawn-trawler-karen-at-entrance-to-ardglass-harbour-county-down-northern-ireland, 
06/01/2011,55.608333,-5.796667,"Location: West of Gigha, Scotland.",Person overboard from potter Blue Angel with 1 person injured,Fishing vessel,https://www.gov.uk/maib-reports/person-overboard-from-potter-blue-angel-off-gigha-scotland-with-injuries-to-1-person, 
12/01/2011,58.1655,-6.100167,"Location: Off Stornoway, Scotland.","Collision between prawn trawlers Sapphire II and Silver Chord, resulting in Sapphire II sinking",Fishing vessel,https://www.gov.uk/maib-reports/collision-between-prawn-trawlers-sapphire-ii-and-silver-chord-resulting-in-sapphire-ii-sinking-off-stornoway-scotland, 
31/01/2011,57.047184,-6.382198,"Location: Isle of Rum, Scotland.",Grounding of stern trawler Jack Abry II,Fishing vessel,https://www.gov.uk/maib-reports/grounding-of-stern-trawler-jack-abry-ii-on-the-isle-of-rum-scotland, 
07/02/2011,51.495405,-2.718595,"Location: Berth 3, Royal Portbury Dock, Bristol, England.",Parting of fall wire during a rescue boat drill on car carrier Tombarra with loss of 1 life,Merchant vessel 100 gross tons or over,https://www.gov.uk/maib-reports/parting-of-fall-wire-during-a-rescue-boat-drill-on-car-carrier-tombarra-at-royal-portbury-dock-bristol-with-loss-of-1-life, 
11/02/2011,49.725,-3.601667,"Location: 29nm off Start Point, Dartmouth, England.",Collision between container vessel Boxford and twin beam trawler Admiral Blake,Merchant vessel 100 gross tons or over and 1 others,https://www.gov.uk/maib-reports/collision-between-container-vessel-boxford-and-twin-beam-trawler-admiral-blake-in-the-english-channel-29-nautical-miles-off-start-point-dartmouth-england, 
26/02/2011,57.145936,-2.092284,"Location: Aberdeen Harbour, Scotland.",Contact made by platform supply vessel SBS Typhoon with standby safety vessel Vos Scout and platform supply vessel Ocean Search,Merchant vessel 100 gross tons or over,https://www.gov.uk/maib-reports/contact-made-by-platform-supply-vessel-sbs-typhoon-with-standby-safety-vessel-vos-scout-and-platform-supply-vessel-ocean-search-in-aberdeen-harbour-scotland, 
13/03/2011,55.79,-6.021667,"Location: South of Jura, Scotland.",Person overboard from landing craft Forth Guardsman during mooring operation with loss of 1 life,Merchant vessel 100 gross tons or over,https://www.gov.uk/maib-reports/person-overboard-from-landing-craft-forth-guardsman-during-mooring-operation-south-of-jura-scotland-with-loss-of-1-life, 
16/03/2011,55.007201,-1.424028,"Location: River Tyne, England.",Electrical failure and subsequent grounding of feeder container vessel Clonlee,Merchant vessel 100 gross tons or over,https://www.gov.uk/maib-reports/electrical-blackout-and-subsequent-grounding-of-feeder-container-vessel-clonlee-on-the-river-tyne-england, 
24/03/2011,50.176197,-4.059441,"Location: 9 miles east of Eddystone Rocks, off Cornwall, England.",Entanglement while hauling gear on stern trawler Our Boy Andrew with loss of 1 life,Fishing vessel,https://www.gov.uk/maib-reports/entanglement-while-hauling-gear-on-single-handed-stern-trawler-our-boy-andrew-east-of-eddystone-rocks-in-the-english-channel-with-loss-of-1-life, 
09/04/2011,53.99,-4.791667,Location: 6nm south of the Isle of Man.,Collision between container vessel Philipp and scallop dredger Lynn Marie,Merchant vessel 100 gross tons or over and 1 others,https://www.gov.uk/maib-reports/collision-between-container-vessel-philipp-and-scallop-dredger-lynn-marie-off-the-isle-of-man, 
15/05/2011,51.447905,0.340168,"Location: Bevans Wharf on the River Thames, England.",Contact made by container vessel CMA CGM Platon with wharf,Merchant vessel 100 gross tons or over,https://www.gov.uk/maib-reports/contact-by-container-vessel-cma-cgm-platon-with-bevans-wharf-on-the-river-thames-england, 
24/05/2011,54.034541,-2.916677,"Location: South Quay, Port of Heysham, England.",Contact made by ro-ro cargo ferry Clipper Point with quay and 2 berthed ships,Merchant vessel 100 gross tons or over,https://www.gov.uk/maib-reports/contact-made-by-ro-ro-cargo-ferry-clipper-point-with-quay-and-2-berthed-ships-at-the-port-of-heysham-england, 
28/05/2011,50.361039,-3.372159,"Location: Lyme Bay, England.",Accidental gybe on commercially operated sailing yacht Liquid Vortex with 1 person injured,Fishing vessel,https://www.gov.uk/maib-reports/capsize-of-multipurpose-fishing-vessel-betty-g-while-beam-trawling-in-lyme-bay-england, 
01/06/2011,51.509791,-0.104864,"Location: Blackfriars Road Bridge, River Thames, England.",Collision between rigid inflatable boat Morfil and high speed passenger catamaran Sun Clipper with 2 people ejected from Morfil,Merchant vessel under 100 gross tons and 1 others,https://www.gov.uk/maib-reports/collision-between-rigid-inflatable-boat-morfil-and-high-speed-passenger-catamaran-sun-clipper-by-blackfriars-road-bridge-river-thames-england-resulting-in-the-ejection-of-2-people-from-morfil, 
14/06/2011,52.113108,-5.039043,"Location: Off the coast of Pembrokeshire, Wales.",Person overboard from potter About Time with loss of 1 life,Fishing vessel,https://www.gov.uk/maib-reports/person-overboard-from-potter-about-time-off-the-pembrokeshire-coast-wales-with-loss-of-1-life, 
18/06/2011,50.483533,-0.774117,"Location: 14.5 miles south of Selsey Bill, West Sussex, England.",Person overboard while tethered to racing yacht Lion,Merchant vessel under 100 gross tons and 1 others,https://www.gov.uk/maib-reports/person-overboard-while-tethered-to-racing-yacht-lion-off-selsey-bill-west-sussex-england, 
25/06/2011,53.632723,-0.174365,"Location: Port of Immingham, England.",Failure of controllable pitch propeller on general cargo vessel Saffier resulting in contact with berthed tug Svitzer Ferriby,Merchant vessel 100 gross tons or over,https://www.gov.uk/maib-reports/failure-of-controllable-pitch-propeller-on-general-cargo-vessel-saffier-resulting-in-heavy-contact-with-berthed-tug-svitzer-ferriby-at-the-port-of-immingham-england, 
22/07/2011,54.992721,-7.313826,"Location: Berthed at Londonderry, Northern Ireland.",Derailment of hatch-lid gantry crane on dry cargo vessel Blue Note,Merchant vessel 100 gross tons or over,https://www.gov.uk/maib-reports/derailment-of-hatch-lid-gantry-crane-on-dry-cargo-vessel-blue-note-while-alongside-at-londonderry-northern-ireland, 
03/08/2011,50.171667,-5.628333,"Location: Near Pendeen Lighthouse, Cornwall, England.",Grounding of container vessel Karin Schepers,Merchant vessel 100 gross tons or over,https://www.gov.uk/maib-reports/grounding-of-container-vessel-karin-schepers-near-pendeen-lighthouse-cornwall-england, 
03/08/2011,51.496824,0.067377,"Location: River Thames, England.",Person overboard during unmooring operation on ro-ro passenger ferry Ernest Bevin with loss of 1 life,Merchant vessel 100 gross tons or over,https://www.gov.uk/maib-reports/person-overboard-during-unmooring-operation-on-the-woolwich-ro-ro-passenger-ferry-ernest-bevin-on-the-river-thames-england-with-loss-of-1-life, 
06/08/2011,57.507244,-6.926666,"Location: 6 miles west of Neist Point, Isle of Skye, Scotland.",Flooding and sinking of wooden trawler Vellee,Fishing vessel,https://www.gov.uk/maib-reports/flooding-and-sinking-of-wooden-trawler-vellee-west-of-neist-point-isle-of-skye-scotland, 
09/08/2011,56.571667,-5.953333,"Location: Sound of Mull, Scotland.",Grounding of bulk carrier CSL Thames,Merchant vessel 100 gross tons or over,https://www.gov.uk/maib-reports/grounding-of-bulk-carrier-csl-thames-in-the-sound-of-mull-scotland, 
12/08/2011,51.48475,-0.014167,"Location: Greenwich Reach, River Thames, England.",Collision between tug Chiefton and its tow resulting in tug capsizing and sinking with loss of 1 life,Merchant vessel under 100 gross tons,https://www.gov.uk/maib-reports/capsize-and-sinking-of-tug-chiefton-after-a-collision-with-its-tow-at-greenwich-reach-river-thames-england-with-loss-of-1-life, 
23/08/2011,56.062879,-4.826249,"Location: HM Naval Base, Faslane, Scotland.",Accidental discharge of carbon dioxide during fixed CO2 fire extinguishing system test on tug SD Nimble with 1 person injured,Merchant vessel 100 gross tons or over,https://www.gov.uk/maib-reports/accidental-discharge-of-carbon-dioxide-when-testing-the-fixed-co2-fire-extinguishing-system-on-tug-sd-nimble-at-hm-naval-base-faslane-scotland-with-1-person-injured, 
25/08/2011,58.817919,-0.723137,"Location: Devenick Oil Field, 126 nautical miles north-north-east of Aberdeen, Scotland.",Carbon monoxide poisoning from portable petrol pump on pair trawler/guard ship Starlight Rays with loss of 1 life,Fishing vessel,https://www.gov.uk/maib-reports/carbon-monoxide-poisoning-when-using-a-portable-petrol-engine-driven-pump-on-pair-trawler-starlight-rays-which-was-operating-as-guard-ship-at-devenick-oil-field-126-nautical-miles-off-aberdeen-scotland-with-loss-of-1-life, 
07/09/2011,58.676667,-3.131667,"Location: Island of Stroma, Scotland.",Grounding of scallop dredger Golden Promise,Fishing vessel,https://www.gov.uk/maib-reports/grounding-of-scallop-dredger-golden-promise-on-the-island-of-stroma, 
17/09/2011,50.885773,-1.397308,"Serious damage to freight carrier and no. 105 linkspan at the Port of Southampton, England.",Contact made by ro-ro freight carrier Gran Canaria Car and linkspan,Merchant vessel 100 gross tons or over,https://www.gov.uk/maib-reports/contact-made-by-ro-ro-freight-carrier-gran-canaria-car-and-linkspan, 
05/10/2011,51.507337,-0.079097,"Location: Tower Millennium Pier on the River Thames, England.",Steering control failure on high-speed passenger catamaran Moon Clipper resulting in contact with pier and several people injured,Merchant vessel 100 gross tons or over,https://www.gov.uk/maib-reports/steering-control-failure-on-high-speed-passenger-catamaran-moon-clipper-resulting-in-contact-with-tower-millennium-pier-on-the-river-thames-england-with-several-people-injured, 
27/10/2011,52.266042,-7.031261,"Location: Berthed at Belview Port, Waterford, Republic of Ireland.",Fall into void space during cargo operations on general cargo vessel Scot Pioneer with loss of 1 life,Merchant vessel 100 gross tons or over,https://www.gov.uk/maib-reports/fall-into-void-space-during-cargo-operations-on-general-cargo-vessel-scot-pioneer-alongside-at-belview-port-waterford-republic-of-ireland-with-loss-of-1-life, 
21/11/2011,54.259842,-5.599219,"Location: Entrance to Ardglass Harbour, Northern Ireland.",Grounding of scallop dredger Moyuna,Fishing vessel,https://www.gov.uk/maib-reports/grounding-of-scallop-fishing-vessel-moyuna-at-entrance-to-ardglass-harbour-northern-ireland, 
21/11/2011,53.45269,-3.04346,"Location: Crosby Channel, Liverpool, England.",Crush incident between vent and buoy on mooring vessel Cameron during maintenance operation with 1 person injured,Merchant vessel 100 gross tons or over,https://www.gov.uk/maib-reports/crush-incident-between-air-vent-and-navigation-buoy-on-mooring-vessel-cameron-during-a-buoy-maintenance-operation-in-the-crosby-channel-liverpool-england-with-1-person-injured, 
26/11/2011,55.550852,-4.682364,"Location: Operating in and around the Firth of Clyde and Troon Harbour, Scotland.","Series of accidents including windlass damage, grounding and 1 person injured on ro-ro cargo ferry Norcape",Merchant vessel 100 gross tons or over,https://www.gov.uk/maib-reports/series-of-accidents-including-windlass-damage-grounding-and-1-person-injured-on-ro-ro-cargo-ferry-norcape-while-operating-in-and-around-troon-harbour-scotland, 
27/11/2011,52.871667,-5.080001,Location: Irish Sea.,Structural failure of general cargo vessel Swanland resulting in it sinking with loss of 6 lives,Merchant vessel 100 gross tons or over,https://www.gov.uk/maib-reports/structural-failure-of-general-cargo-vessel-swanland-in-the-irish-sea-resulting-in-the-vessel-sinking-with-loss-of-6-lives, 
17/12/2011,51.954171,1.310158,"Location: Berthed at the Port of Felixstowe, England",Fall into partially open cargo hold on container vessel Tempanos with loss of 1 life,Merchant vessel 100 gross tons or over,https://www.gov.uk/maib-reports/fall-into-partially-open-cargo-hold-on-container-vessel-tempanos-while-alongside-at-the-port-of-felixstowe-england-with-loss-of-1-life, 
19/12/2011,50.464525,0.781166,Maltese registered bulk carrier and UK registered fishing vessel collide in the NE traffic lane of the Dover Strait.,Collision between bulk carrier Alex D and beam trawler Jacoba,Merchant vessel 100 gross tons or over and 1 others,https://www.gov.uk/maib-reports/collision-between-bulk-carrier-alex-d-and-beam-trawler-jacoba, 
20/12/2011,50.194033,-4.931149,"Location: Gerrans Bay, Cornwall, England.",Capsize and sinking of under 12m ring netter Heather Anne with loss of 1 life,Fishing vessel,https://www.gov.uk/maib-reports/capsize-and-sinking-of-under-12m-ring-netter-heather-anne-in-gerrans-bay-cornwall-england-with-loss-of-1-life, 
13/01/2012,53.262128,-4.801192,Location: Off the north-west coast of Wales.,Person overboard from scallop dredger St Amant with loss of 1 life,Fishing vessel,https://www.gov.uk/maib-reports/person-overboard-from-scallop-dredger-st-amant-off-the-north-west-coast-of-wales-with-loss-of-1-life, 
16/01/2012,53.741241,-0.264187,"Location: Queen Elizabeth Dock, Hull, England.",Person overboard from container vessel Dette G during cargo operations with loss of 1 life,Merchant vessel 100 gross tons or over,https://www.gov.uk/maib-reports/person-overboard-from-container-vessel-dette-g-during-cargo-operations-at-queen-elizabeth-dock-hull-england-with-loss-of-1-life, 
27/01/2012,53.63176,-0.168846,"Fatal accident to a Stevedore during the unloading from the UK registered cargo ship while alongside at Immingham Dock, England.",Accident while unloading from general cargo vessel Excalibur with loss of 1 life,Merchant vessel 100 gross tons or over,https://www.gov.uk/maib-reports/accident-while-unloading-from-general-cargo-vessel-excalibur-with-loss-of-1-life, 
29/01/2012,53.749762,0,"Location: 29 miles south-east of Kilkeel, Northern Ireland",Person overboard from twin rig trawler Zenith with loss of 1 life,Fishing vessel,https://www.gov.uk/maib-reports/person-overboard-from-twin-rig-trawler-zenith-off-kilkeel-northern-ireland-with-loss-of-1-life, 
07/03/2012,54.605312,-5.913262,"Location: Belfast Lough, Northern Ireland.",Collision between general cargo vessel Union Moon and ro-ro passenger ferry Stena Feronia,Merchant vessel 100 gross tons or over,https://www.gov.uk/maib-reports/collision-between-general-cargo-vessel-union-moon-and-ro-ro-passenger-ferry-stena-feronia-in-northern-ireland, 
24/03/2012,50.818333,-0.98,"Location: 6nm south of Dungeness, England.",Collision between refrigerated cargo vessel Spring Bok and liquid petroleum gas tanker Gas Arctic,Merchant vessel 100 gross tons or over,https://www.gov.uk/maib-reports/collision-between-refrigerated-cargo-vessel-spring-bok-and-liquid-petroleum-gas-tanker-gas-arctic-off-dungeness-england, 
29/03/2012,50.899851,-1.414865,"Location: Berthed at the Port of Southampton, England.",Persons overboard during lifeboat drill on passenger cruise ship Saga Sapphire with 2 people injured,Merchant vessel 100 gross tons or over,https://www.gov.uk/maib-reports/persons-overboard-from-passenger-cruise-ship-saga-sapphire-during-a-lifeboat-drill-alongside-at-the-port-of-southampton-england-with-2-people-injured, 
03/04/2012,53.293827,-3.657739,"Location: Raynes Jetty, Llanddulas, Wales.",Grounding of general cargo vessel Carrier,Merchant vessel 100 gross tons or over,https://www.gov.uk/maib-reports/grounding-of-general-cargo-vessel-carrier-at-raynes-jetty-in-llanddulas-wales, 
11/04/2012,59.5,-4.616667,Location: 60nm off the north coast of Scotland.,Fire and sinking of stern trawler Onward,Fishing vessel,https://www.gov.uk/maib-reports/fire-and-sinking-of-stern-trawler-onward-60-nautical-miles-off-the-north-coast-of-scotland, 
17/05/2012,50.570966,-2.663155,"Location: 9 miles south of Portland Bill, England.",Flooding and sinking of potter Purbeck Isle with loss of 3 lives,Fishing vessel,https://www.gov.uk/maib-reports/flooding-and-sinking-of-potter-purbeck-isle-south-of-portland-bill-england-with-loss-of-3-lives, 
07/06/2012,54.446667,5.146667,Location: North Sea.,Persons washed overboard from general cargo vessel Timberland during heavy weather with loss of 2 lives,Merchant vessel 100 gross tons or over,https://www.gov.uk/maib-reports/persons-washed-overboard-from-general-cargo-vessel-timberland-during-heavy-weather-in-the-north-sea-with-loss-of-2-lives, 
10/06/2012,57.176664,-2.029295,"Location: At anchor off Aberdeen Harbour, Scotland.",Crush incident between platform supply vessel E.R. Athina and its fast rescue craft with loss of 1 life,Merchant vessel 100 gross tons or over,https://www.gov.uk/maib-reports/crush-incident-between-hull-of-platform-supply-vessel-e-r-athina-and-frame-of-its-fast-rescue-craft-off-aberdeen-harbour-scotland-with-loss-of-1-life, 
02/07/2012,55.716667,-5.016667,"Location: Island of Bute, Scotland.",Grounding of feeder container vessel Coastal Isle,Merchant vessel 100 gross tons or over,https://www.gov.uk/maib-reports/grounding-of-feeder-container-vessel-coastal-isle-on-the-island-of-bute-scotland, 
09/07/2012,58.801623,-1.120665,"Location: 83 miles north north-east off Kinnaird Head, Scotland.",Fire in engine room and subsequent abandonment of twin rig trawler Denarius,Fishing vessel,https://www.gov.uk/maib-reports/fire-in-engine-room-and-subsequent-abandonment-of-twin-rig-trawler-denarius-83-miles-off-kinnaird-head-scotland, 
23/07/2012,50.7,-2.9,"Location: Lyme Bay, England.",Capsize of multipurpose fishing vessel Betty G while beam trawling,Fishing vessel,https://www.gov.uk/maib-reports/capsize-of-multipurpose-fishing-vessel-betty-g-while-beam-trawling-in-lyme-bay-england, 
01/08/2012,53.630739,-0.178871,"Location: Immingham, England.","Contact made by dry cargo vessel Alexander Tvardovskiy with dredger UKD Bluefin, pushing dredger into general cargo vessel Wilson Hawk",Merchant vessel 100 gross tons or over,https://www.gov.uk/maib-reports/contact-made-by-multi-purpose-dry-cargo-vessel-alexander-tvardovskiy-with-dredger-ukd-bluefin-pushing-the-dredger-into-general-cargo-vessel-wilson-hawk-in-immingham-england, 
10/08/2012,57.133816,-0.850372,"Location: Audacious: 45 miles east of Aberdeen, Scotland.",Flooding incidents on twin rigged stern trawler Audacious and beam trawler Chloe T resulting in both vessels sinking,Fishing vessel,https://www.gov.uk/maib-reports/flooding-incidents-on-the-twin-rigged-stern-trawler-audacious-45-nautical-miles-east-of-aberdeen-scotland-and-beam-trawler-chloe-t-off-bolt-head-devon-england-resulting-in-both-vessels-sinking, 
14/08/2012,58.779808,-5.300171,"Location: 15nm north-west of Cape Wrath, Scotland.",Fall on foredeck of dive workboat Jean Elaine with loss of 1 life,Merchant vessel under 100 gross tons and 1 others,https://www.gov.uk/maib-reports/fall-on-foredeck-of-dive-workboat-jean-elaine-off-cape-wrath-scotland-with-loss-of-1-life, 
11/09/2012,50.3845,-3.325833,"Location: 6nm east of Berry Head, near Brixham, England.",Capsize and sinking of multipurpose fishing vessel Sarah Jayne with loss of 1 life,Fishing vessel,https://www.gov.uk/maib-reports/capsize-and-sinking-of-multipurpose-fishing-vessel-sarah-jayne-east-of-berry-head-near-brixham-england-with-loss-of-1-life, 
19/09/2012,56.302936,-4.718928,"Location: Ardlui Marina, Loch Lomond, Scotland.",Sinking of small passenger ferry Vixen,Merchant vessel under 100 gross tons,https://www.gov.uk/maib-reports/sinking-of-small-passenger-ferry-vixen-in-ardlui-marina-loch-lomond-scotland, 
02/10/2012,53.624986,-0.113468,"Location: River Humber, England.",Slipped messenger line while securing tug tow wire on bulk carrier Wah Shan with loss of 1 life,Merchant vessel 100 gross tons or over,https://www.gov.uk/maib-reports/slipped-messenger-line-during-attempt-to-secure-a-tug-s-tow-wire-on-bulk-carrier-wah-shan-on-river-humber-england-with-loss-of-1-life, 
15/11/2012,51.445903,0.371132,"Location: Denton Wharf, Gravesend Reach on the River Thames, London.",Contact made by bulk carrier Amber with moored barges and its subsequent grounding,Merchant vessel 100 gross tons or over,https://www.gov.uk/maib-reports/contact-made-by-bulk-carrier-amber-with-moored-barges-and-its-subsequent-grounding-off-denton-wharf-gravesend-reach-on-the-river-thames-london, 
21/11/2012,53.478167,0.217333,"Locations: Floating target at Donna Nook Air Weapons Range off Lincolnshire, England.",Contact made by wind farm passenger transfer catamarans: Windcat 9 with floating target and Island Panther with turbine,Merchant vessel under 100 gross tons,https://www.gov.uk/maib-reports/contact-made-by-wind-farm-passenger-transfer-catamarans-windcat-9-with-a-floating-target-at-donna-nook-air-weapons-range-off-lincolnshire-england-and-island-panther-with-a-turbine-at-sheringham-shoal-wind-farm-off-north-no, 
05/12/2012,54.099306,-6.257744,"Location: Warrenpoint, Northern Ireland.",Release of phosphine gas during discharge of fumigated maize cargo from general cargo vessel Arklow Meadow,Merchant vessel 100 gross tons or over,https://www.gov.uk/maib-reports/release-of-phosphine-gas-during-discharge-of-fumigated-maize-cargo-from-general-cargo-vessel-arklow-meadow-at-warrenpoint-northern-ireland, 
13/01/2013,50.463783,-3.477259,"Location: Off Hope's Nose, Tor Bay, England.","Collision between tug Christos XXII and its tow, former fisheries protection vessel Emsstrom which later sank", , , 
16/01/2013,55.3925,-5.255,"Location: Off the Isle of Arran, Scotland.",Fire in engine room of twin-rig prawn stern trawler Amy Harris III,Fishing vessel,https://www.gov.uk/maib-reports/fire-in-engine-room-of-twin-rig-prawn-stern-trawler-amy-harris-iii-off-the-isle-of-arran-scotland, 
28/01/2013,51.625485,-5.180054,"Location: Off Saint Ann’s Head, Milford Haven, Wales.",Person overboard from beam trawler Vidar with loss of 1 life,Fishing vessel,https://www.gov.uk/maib-reports/person-overboard-from-beam-trawler-vidar-off-saint-ann-s-head-milford-haven-wales-with-loss-of-1-life, 
28/01/2013,50.453179,-3.505197,"Location: Tor Bay, England.",Sinking in heavy weather of under 12m netter JCK with loss of 1 life,Fishing vessel,https://www.gov.uk/maib-reports/sinking-in-heavy-weather-of-under-12m-netter-jck-in-tor-bay-england-with-loss-of-1-life, 
30/01/2013,53.321964,-3.261897,"Accident occurred when the French registered ship broke free from its moorings in the Port of Mostyn, Wales.",Grounding of ro-ro cargo vessel Ciudad De Cadiz,Merchant vessel 100 gross tons or over,https://www.gov.uk/maib-reports/grounding-of-ro-ro-cargo-vessel-ciudad-de-cadiz, 
05/02/2013,50.728817,0.197517,"Location: 2.3 miles west-south-west of Beachy Head, England.",Person overboard from motor tug Endurance while crossing to unmanned motor cruiser Sirius M with loss of 1 life,Merchant vessel under 100 gross tons,https://www.gov.uk/maib-reports/person-overboard-from-the-motor-tug-endurance-while-attempting-to-cross-to-unmanned-motor-cruiser-sirius-m-near-beachy-head-england-with-loss-of-1-life, 
16/02/2013,53.310849,-4.628345,"Location: Holyhead Port, Wales.",Contact made by passenger/ro-ro cargo ferry Finnarrow with berth and its subsequent flooding,Merchant vessel 100 gross tons or over,https://www.gov.uk/maib-reports/contact-made-by-passenger-ro-ro-cargo-ferry-finnarrow-with-berth-at-holyhead-port-wales-and-the-subsequent-flooding-of-the-vessel, 
21/02/2013,57.926357,-7.23896,"Location: 6nm north-west of the Island of Taransay, Western Isles, Scotland.",Flooding and sinking of potter Achieve with loss of 1 life,Fishing vessel,https://www.gov.uk/maib-reports/flooding-and-sinking-of-potter-achieve-north-west-of-taransay-scotland-with-loss-of-1-life, 
26/02/2013,52.800046,1.933937,"Location: Haisborough Sand off Norfolk, England.",Grounding of general cargo vessel Douwent,Merchant vessel 100 gross tons or over,https://www.gov.uk/maib-reports/grounding-of-general-cargo-vessel-douwent-on-haisborough-sand-off-norfolk-england, 
16/03/2013,55.64,-1.611667,"Location: Off Longstone, Farne Islands, England.",Grounding of general cargo vessel Danio,Merchant vessel 100 gross tons or over,https://www.gov.uk/maib-reports/grounding-of-general-cargo-vessel-danio-off-longstone-farne-islands-england, 
01/04/2013,54.35487,-2.929657,"Location: Windermere, England.",Carbon monoxide poisoning on motor cruiser Arniston with loss of 2 lives,Recreational craft - power,https://www.gov.uk/maib-reports/carbon-monoxide-poisoning-on-motor-cruiser-arniston-on-windermere-england-with-loss-of-2-lives, 
25/04/2013,56.295838,-5.674095,"Location: Firth of Lorn, Scotland.",Flooding and sinking of under 12m fishing vessel Speedwell with loss of 1 life,Fishing vessel,https://www.gov.uk/maib-reports/flooding-and-sinking-of-under-12m-fishing-vessel-speedwell-in-the-firth-of-lorn-scotland-with-loss-of-1-life, 
05/05/2013,50.551667,-4.933977,"Location: Camel Estuary, Cornwall, England.","Ejection of 6 people from rigid inflatable boat Milly resulting in 3 people injured, 2 seriously and loss of 2 lives",Recreational craft - power,https://www.gov.uk/maib-reports/ejection-of-6-people-from-rigid-inflatable-boat-milly-in-the-camel-estuary-cornwall-england-resulting-in-3-of-the-people-injured-2-seriously-and-the-loss-of-2-lives, 
14/06/2013,56.544995,-5.916138,"Location: 2.5 miles south of Tobermory, Isle of Mull, Scotland.",Grounding of general cargo vessel Fri Ocean, , , 
15/06/2013,53.401379,-2.990961,"Location: Sinking at Salthouse Dock, Liverpool, England.",Sinking/abandonment of DUKW amphibious passenger vehicle Wacker Quacker 1 and fire/abandonment of DUKW Cleopatra,Merchant vessel 100 gross tons or over,https://www.gov.uk/maib-reports/sinking-and-abandonment-of-dukw-amphibious-passenger-vehicle-wacker-quacker-1-in-salthouse-dock-liverpool-england-and-fire-and-abandonment-of-dukw-amphibious-passenger-vehicle-cleopatra-on-the-river-thames-england, 
22/06/2013,51.947786,1.259914,"Locations: Harwich International Port, England.",Contact made by ro-ro passenger ferry Sirena Seaways with berth,Merchant vessel 100 gross tons or over,https://www.gov.uk/maib-reports/contact-made-by-ro-ro-passenger-ferry-sirena-seaways-with-berth-at-harwich-international-port-england, 
25/07/2013,51.45932,0.330786,"Location: Northfleet Hope Container Terminal, Tilburyness, River Thames, England.",Contact made by oil product/chemical tanker Apollo with quayside,Merchant vessel 100 gross tons or over,https://www.gov.uk/maib-reports/contact-made-by-oil-product-chemical-tanker-apollo-with-quayside-at-northfleet-hope-container-terminal-on-the-river-thames-england, 
05/08/2013,60.195,-1.147167,"Location: Grounding on Skibby Baas, sinking at entrance to Lerwick Harbour, Scotland.",Grounding of twin-rig stern trawler Prospect and subsequent sinking while under tow,Fishing vessel,https://www.gov.uk/maib-reports/grounding-of-twin-rig-stern-trawler-prospect-on-skibby-baas-and-subsequent-sinking-while-under-tow-at-entrance-to-lerwick-harbour-scotland, 
17/09/2013,50.664579,-1.708889,"Location: Christchurch Bay, England.",Capsize and sinking of beam trawler Sally Jane,Fishing vessel,https://www.gov.uk/maib-reports/capsize-and-sinking-of-beam-trawler-sally-jane-in-christchurch-bay-england, 
18/09/2013,50.961217,1.323854,Location: Varne Bank in the Dover Strait off the south east coast of England.,Grounding of oil/chemical tanker Ovit,Merchant vessel 100 gross tons or over,https://www.gov.uk/maib-reports/grounding-of-oil-chemical-tanker-ovit-on-the-varne-bank-in-the-dover-strait-off-the-south-east-coast-of-england, 
14/10/2013,53.409957,-3.014562,"Location: Seacombe ferry terminal, River Mersey, England.",Person overboard from passenger ferry Snowdrop resulting in recovery of a young child from the water,Merchant vessel 100 gross tons or over,https://www.gov.uk/maib-reports/person-overboard-from-passenger-ferry-snowdrop-at-seacombe-ferry-terminal-river-mersey-england-resulting-in-recovery-of-a-young-child-from-the-water, 
09/11/2013,54.9962,-1.451862,"Location: Berthed at Royal Quays marina, North Shields, England.","Person overboard while climbing on stern trawler New Dawn to access stern trawler Horizon II, with loss of 1 life",Fishing vessel,https://www.gov.uk/maib-reports/person-overboard-while-climbing-on-stern-trawler-new-dawn-to-access-stern-trawler-horizon-ii-berth-at-royal-quays-marina-north-shields-england-with-loss-of-1-life, 
19/11/2013,57.387594,-7.171866,"Location: 1 mile south-east of Wiay Island, Outer Hebrides, Scotland.",Accident while emptying catch from dredges on scallop dredger Wanderer II with 1 person injured,Fishing vessel,https://www.gov.uk/maib-reports/accident-while-emptying-catch-from-dredges-on-scallop-dredger-wanderer-ii-with-1-person-injured, 
04/12/2013,49.999243,-5.151241,"Location: Near Cadgwith, Cornwall, England.",Person overboard from small open/recreational fishing boat Amy Jane with loss of 1 life,Fishing vessel and 1 others,https://www.gov.uk/maib-reports/person-overboard-from-small-open-boat-used-as-a-recreational-fishing-boat-amy-jane-near-cadgwith-cornwall-england-with-loss-of-1-life, 
11/12/2013,51.224036,1.514288,"Location: South-west lane of the Dover Strait Traffic Separation Scheme, off the south east coast of England.",Collision between general cargo vessel Paula C and bulk carrier Darya Gayatri,Merchant vessel 100 gross tons or over,https://www.gov.uk/maib-reports/collision-between-general-cargo-vessel-paula-c-and-bulk-carrier-darya-gayatri-in-the-dover-strait-off-the-south-east-coast-of-england, 
18/12/2013,53.606632,-0.716182,"Location: Groveport, River Trent, England.",Person overboard during mooring operation on general cargo vessel Sea Melody with loss of 1 life,Merchant vessel 100 gross tons or over,https://www.gov.uk/maib-reports/person-overboard-during-mooring-operation-on-general-cargo-vessel-sea-melody-at-groveport-on-the-river-trent-england-with-loss-of-1-life, 
20/12/2013,53.742082,-0.298273,"Location: Alexandra Dock, Hull, England.",Failure of controllable pitch propeller of chemical tanker Key Bora resulting in contact with jetty,Merchant vessel 100 gross tons or over,https://www.gov.uk/maib-reports/failure-of-the-controllable-pitch-propeller-of-chemical-tanker-key-bora-resulting-in-heavy-contact-with-jetty-at-alexandra-dock-hull-england, 
03/01/2014,52.916716,1.69996,"Location: Haisborough Sand off Norfolk, England",Grounding of liquefied gas carrier Navigator Scorpio,Merchant vessel 100 gross tons or over,https://www.gov.uk/maib-reports/grounding-of-liquefied-gas-carrier-navigator-scorpio-on-haisborough-sand-off-norfolk-england, 
11/01/2014,50.880616,1.027115,"Location: South-west traffic lane of Dover Strait Traffic Separation Scheme, off the south east coast of England.","Collision between multipurpose cargo vessel Rickmers Dubai with a crane barge, Walcon Wizard, being towed by tug Kingston",Merchant vessel 100 gross tons or over,https://www.gov.uk/maib-reports/collision-between-multipurpose-dry-cargo-vessel-rickmers-dubai-with-crane-barge-walcon-wizard-being-towed-by-tug-kingston-in-the-dover-strait-off-the-south-east-coast-of-england, 
14/01/2014,52.332917,1.880556,"Location: 11nm off Lowestoft, England.",Fire and sinking of passenger transfer catamaran ECC Topaz during engine trials,Merchant vessel under 100 gross tons,https://www.gov.uk/maib-reports/fire-and-sinking-of-passenger-transfer-catamaran-ecc-topaz-during-engine-trials, 
15/01/2014,54.485291,-0.612102,"Locations: Berthed at Whitby, England.","Carbon monoxide poisoning on scallop dredger Eshcol, used as overnight accommodation, with loss of 2 lives",Fishing vessel,https://www.gov.uk/maib-reports/carbon-monoxide-poisoning-on-scallop-dredger-eshcol-while-used-as-overnight-accommodation-at-whitby-england-with-loss-of-2-lives, 
22/01/2014,55.327457,-5.309143,"Location: Off Cambeltown, Scotland.",Collision between stern trawlers Karen and Sapphire Stone resulting in Karen sinking,Fishing vessel,https://www.gov.uk/maib-reports/collision-between-stern-trawlers-karen-and-sapphire-stone-off-cambeltown-scotland-resulting-in-the-loss-of-karen, 
09/03/2014,49.894425,-4.966172,"Location: 11.6nm off Lizard Point, Cornwall, England",Flooding and abandonment of general cargo ship Sea Breeze,Merchant vessel 100 gross tons or over,https://www.gov.uk/maib-reports/flooding-and-abandonment-of-general-cargo-ship-sea-breeze, 
10/03/2014,52.513812,1.761269,"Location: Off Lowestoft, England.",Capsize of an open speedboat with loss of 3 lives,Recreational craft - power,https://www.gov.uk/maib-reports/capsize-of-an-open-speedboat-being-used-to-recover-longline-fishing-gear-off-lowestoft-england-with-loss-of-3-lives, 
25/03/2014,60.298036,-1.55979,"Location: West Burra Firth, Shetland Islands, Scotland.",Contact made by scallop dredger Diamond with rock resulting in vessel sinking with loss of 1 life,Fishing vessel,https://www.gov.uk/maib-reports/contact-made-by-scallop-dredger-diamond-with-rocks-resulting-in-vessel-sinking-with-loss-of-1-life, 
30/03/2014,52.978756,-4.513024,"Location: 3 miles north-east of Porth Dinllaen, north Wales.",Accident to skipper of scallop dredger Ronan Orla with loss of 1 life,Fishing vessel,https://www.gov.uk/maib-reports/accident-to-skipper-of-scallop-dredger-ronan-orla-with-loss-of-1-life, 
09/04/2014,50.885773,-1.397308,"Location: Southampton, UK",Accidental release of lifeboat on Nagato Reefer with 1 person injured,Merchant vessel 100 gross tons or over,https://www.gov.uk/maib-reports/accidental-release-of-lifeboat-on-nagato-reefer-with-1-person-injured, 
30/04/2014,58.610143,-3.548723,"Location: Scrabster Harbour, Scotland.",Contact by stern trawler Shalimar with quay and subsequent sinking of vessel,Fishing vessel,https://www.gov.uk/maib-reports/contact-by-stern-trawler-shalimar-with-quay-at-scrabster-harbour-scotland-subsequently-resulting-in-the-vessel-sinking, 
01/05/2014,51.109359,1.34621,"Location: On the approach to, and subsequently alongside, the port of Dover, UK.",Fire on board RoPax ferry Dieppe Seaways,Merchant vessel 100 gross tons or over,https://www.gov.uk/maib-reports/fire-on-board-ropax-ferry-dieppe-seaways, 
13/05/2014,58.009425,-5.453107,"Location: West of Tanera Beg, Scotland.",Person overboard from creeler Barnacle III with loss of 1 life,Fishing vessel,https://www.gov.uk/maib-reports/person-overboard-from-creeler-barnacle-iii-off-tanera-beg-scotland-with-loss-of-1-life, 
20/05/2014,56.776501,-1.097129,"Location: Found approximately 44nm offshore in the North Sea off Aberdeenshire, Scotland.",Disappearance and rescue of small fishing vessel Water-rail,Fishing vessel,https://www.gov.uk/maib-reports/disappearance-and-rescue-of-small-fishing-vessel-water-rail-in-the-north-sea, 
04/06/2014,51.497326,-0.030363,"Location: Tower Bridge on the River Thames, London, England.",Contact made by passenger vessel Millennium Diamond with Tower Bridge,Merchant vessel 100 gross tons or over,https://www.gov.uk/maib-reports/contact-made-by-passenger-vessel-millennium-diamond-with-tower-bridge, 
08/06/2014,51.93102,1.483505,"Location: 7 miles off the coast of Felixstowe, England",Collision between dredger Shoreway and yacht Orca resulting in the yacht sinking with loss of 1 life,Merchant vessel 100 gross tons or over and 1 others,https://www.gov.uk/maib-reports/collision-between-dredger-shoreway-and-yacht-orca-resulting-in-the-yacht-sinking-with-loss-of-1-life, 
18/06/2014,50.885773,-1.397308,"Location: Berthed in Southampton, UK.",Chief officer fell from a hatch cover during cargo operations on board general cargo ship Norjan resulting in injury,Merchant vessel 100 gross tons or over,https://www.gov.uk/maib-reports/chief-officer-fell-from-a-hatch-cover-during-cargo-operations-on-board-general-cargo-ship-norjan-resulting-in-injury, 
14/07/2014,50.3145,-1.496,"Location: Approaches to St Peter Port, Guernsey",Grounding and flooding of ro-ro ferry Commodore Clipper,Merchant vessel 100 gross tons or over,https://www.gov.uk/maib-reports/grounding-and-flooding-of-ro-ro-ferry-commodore-clipper, 
16/07/2014,50.681661,-1.949355,"Location: Poole, England",Contact made by passenger ferry Barfleur with chain of chain ferry Bramble Bush Bay,Merchant vessel 100 gross tons or over,https://www.gov.uk/maib-reports/contact-made-by-passenger-ferry-barfleur-with-chain-of-chain-ferry-bramble-bush-bay, 
17/07/2014,51.509868,-0.110927,"Location: King's Reach, River Thames, London, England",Collision between passenger vessel Millennium Time and motor tug Redoubt,Merchant vessel 100 gross tons or over,https://www.gov.uk/maib-reports/collision-between-passenger-vessel-millennium-time-and-motor-tug-redoubt, 
18/07/2014,50.734678,-1.213037,"Location: Fishbourne ferry terminal, Isle of Wight",Collapse of a mezzanine deck on board the ro-ro passenger ferry St Helen,Merchant vessel 100 gross tons or over,https://www.gov.uk/maib-reports/collapse-of-a-mezzanine-deck-on-board-the-ro-ro-passenger-ferry-st-helen, 
21/12/2014,52.007833,2.72504,"Location: North Hinder Junction, North Sea, UK",Collision between chemical tanker Orakai and beam trawler Margriet,Merchant vessel 100 gross tons or over and 1 others,https://www.gov.uk/maib-reports/collision-between-chemical-tanker-orakai-and-beam-trawler-margriet, 
02/03/2015,51.698723,-5.080306,Urgent safety lessons on the elongation and snap-back characteristics of mooring lines,Safety warning issued after mooring line failure on board LNG tanker Zarga resulted in serious injury to a deck officer,Merchant vessel 100 gross tons or over,https://www.gov.uk/maib-reports/safety-warning-issued-after-mooring-line-failure-on-board-lng-tanker-zarga-resulted-in-serious-injury-to-a-deck-officer, 
<Null>,0,0, , , , , 
<Null>,0,0, , , , , 
<Null>,0,0, , , , , 
<Null>,0,0, , , , , 
